acai,
all-purpose flour,
allspice,
almond extract,
almond milk,
almond,
amaretti,
anchovy,
anise extract,
anise,
apple juice,
apple,
applesauce,
apricot,
artichoke heart,
artichoke,
arugala,
asparagus spear,
asparagus,
aubergine,
avocado,
bacon,
baguette,
baked beans,
baking powder,
baking soda,
balsamic vinegar,
bamboo,
banana,
basil,
bay leaf,
bay leaves,
bbq sauce,
bean,
bebere,
beef brisket,
beef mince,
beef stock,
beef,
beer,
beet,
bell pepper,
berries,
berry,
bicarbonate of soda,
bilberries,
bilberry,
biscuit,
black beans,
black olive,
black pepper,
black truffle oil,
black-eyed peas,
blackberries,
blackberry,
blackcurrant,
blueberries,
blueberry,
bok choy,
bonnet chilli,
bouillon,
bourbon,
boysenberries,
boysenberry,
braising steak,
bran,
brandy,
bread,
breadcrumbs,
brie,
brine,
broccoli,
brown rice,
brown sauce,
brown sugar,
brussel sprouts,
buckwheat,
buffalo,
bun,
butter,
buttermilk,
butternut squash,
butternut,
butterscotch,
cabbage,
cake,
candies,
candy,
cannellini,
canola oil,
canteloupe,
caper,
caramel,
caraway seed,
caraway,
cardamom,
carrot,
cashew milk,
cashew,
caster sugar,
cauliflower,
cayenne pepper,
celeriac,
celery salt,
celery,
cereal,
chamomile,
champagne,
chard,
cheddar cheese,
cheese,
cherimoya,
cherries,
cherry tomato,
cherry,
chervil,
chestnut,
chia seeds,
chicken breast,
chicken broth,
chicken drumstick,
chicken leg,
chicken stock,
chicken thigh,
chicken,
chickpea,
chicory,
chile,
chili powder,
chili,
chilli,
chillies,
chip,
chipotle,
chive,
chives,
chocolate milk,
chocolate,
chop,
choy,
chutney,
ciabatta,
cider,
cilantro,
cinnamon,
clam,
clarified butter,
clementine,
cloudberries,
cloudberry,
clove,
cocoa,
coconut milk,
coconut,
cod,
coffee,
coleslaw,
collard greens,
condensed milk,
confectioners sugar,
coriander leaves,
coriander,
corn starch,
corn,
cornflour,
cornmeal,
courgette,
couscous,
crab,
cranberries,
cranberry juice,
cranberry,
cream,
creme de cassis,
creme fraiche,
crisp,
crushed red pepper,
crust,
cucumber,
cucumberdate,
cumin,
currant,
curry powder,
custard,
daikon,
dijon mustard,
dill,
double cream,
dragonfruit,
duck,
durian,
edamame,
egg,
eggplant,
eggs,
elderberries,
elderberry,
espresso,
extract,
fennel,
fenugreek,
feta,
fig,
fillet steak,
filo pastry,
fish,
flank,
flax milk,
flour,
focaccia,
foie gras,
fruit,
fudge,
garam masala,
garbanzo,
garlic powder,
garlic salt,
garlic,
gelatine,
gin,
ginger,
glucose,
goat cheese,
goat,
gochugaru,
golden syrup,
gooseberries,
gooseberry,
gorgonzola,
gouda,
grains of paradise,
granola,
grape,
grapefruit,
grapeseed,
gravy,
greek yoghurt,
green beans,
green olive,
green pepper,
green,
gruyere cheese,
gruyere,
guava,
habanero salt,
habanero sauce,
haddock,
ham,
harissa,
hazelnut milk,
hazelnut,
heavy cream,
hemp milk,
herbs,
hoisin sauce,
hoisin,
honey,
honeydew melon,
horseradish,
hot sauce,
huckleberries,
huckleberry,
iceberg lettuce,
icing sugar,
jalapeno pepper,
juice,
jujube,
julienne,
kalamata olives,
kale,
ketchup,
kidney bean,
kidney beans,
kiwi,
kumquat,
lager,
lamb,
lard,
lardons,
lasagne,
lavender,
leek,
lemon,
lemongrass,
lentil,
lettuce,
ligonberries,
lima beans,
lime,
limoncello,
lobster,
loin,
longan,
loomi,
loquat,
lychee,
macadamia nut,
macademia milk,
mace,
mackerel,
mahlab,
malt,
mangetout,
mango,
mangoes,
maple syrup,
marinara,
marjoram,
marshmallow,
marzano,
mascarpone,
mayonnaise,
meat,
melon,
milk,
mince,
mint extract,
mint,
miso soup,
molasses,
monterey jack,
mozzarella,
mushroom,
mustard powder,
mustard,
natural yoghurt,
nectarine,
new potato,
noodle,
nut,
Nutella,
nutmeg,
nutritional yeast,
oat,
oil,
okra,
olive oil,
olive,
onion powder,
onion ring,
onion,
orange extract,
orange juice,
orange,
oregano,
oyster,
pak choi,
palm hearts,
pancetta,
panko,
papaya,
paprika,
parma ham,
parmesan,
parmigiano,
parmigiano-reggiano,
parsley,
parsnip,
passion fruit,
pasta,
pastry,
pea,
peach,
peaches,
peanut butter,
peanut oil,
peanut,
pear,
peas,
pecan milk,
pecan,
pecorino,
penne pasta,
penne,
pepper,
peppercorn,
pepperoni,
peppers,
persimmon,
pesto,
pickle,
pickled gherkin,
pickled onion,
pickled red onion,
pie,
pimento pepper,
pine nut,
pineapple,
pink pepper,
pinto beans,
pistachio milk,
pistachio,
pita,
pitta,
pitted olive,
pizza,
plantain,
plum tomato,
plum tomatoes,
plum,
poblano,
pod,
polenta,
pomegranate,
pomelo,
popcorn,
pork,
porridge,
potato,
potatoes,
powdered sugar,
prawn,
prosciutto ham,
prosciutto,
provolone,
prunes,
pumpkin pie spice,
pumpkin seed milk,
pumpkin,
quail,
radicchio,
radish,
radishes,
raising,
rapeseed oil,
raspberries,
raspberry,
red beans,
red cabbage,
red onion,
red pepper,
red spinach,
red wine vinegar,
redcurrant,
relish,
rhubarb,
rib,
rice,
ricotta,
rocket,
roll,
romaine lettuce,
rose,
rosemary,
russet,
rutabaga,
safflower oil,
saffron,
sage,
sake,
salad,
salami,
salmon flake,
salmon,
salmonberries,
salmonberry,
salsa,
salt,
sardine,
satsuma,
sauce,
sausage,
savoy cabbage,
scallion,
scallop,
schnapps,
sea salt,
self raising flour,
semolina,
serrano ham,
sesame oil,
shallot,
shaohsing,
sherry,
shiitake mushroom,
shiitake,
shiso,
shortcrust pastry,
shortening,
single cream,
sirloin steak,
sirloin,
slaw,
smoked paprika,
smoky bacon,
snapper,
sour cream,
sourdough,
soy milk,
soy sauce,
spaghetti,
spice,
spinach,
split peas,
sponge,
spring onion,
sprout,
squash,
squid,
sriracha,
star anise,
star fruit,
steak,
stock,
stout,
strawberries,
strawberry,
stuffing,
sugar,
sultana,
sumac,
summer savory,
sun dried tomato,
sunflower oil,
sunflower seeds,
sweet pepper,
sweet potato,
sweetcorn,
sweets,
swordfish,
tahini,
tamarillo,
tamarind,
tangerine,
tapioca,
taro,
tarragon,
tartar,
tea,
tequila,
thyme,
tilapia,
toast,
toffee,
tofu,
tomatillos,
tomato puree,
tomato,
tomatoes,
tortilla,
treacle,
truffle oil,
truffles,
tuna steak,
tuna,
turkey breast,
turkey thigh,
turkey,
turmeric,
turnip,
ugli fruit,
vanilla extract,
vanilla pod,
vanilla,
veal,
vegetable oil,
vegetable shortening,
vermouth,
vinaigrette,
vinegar,
vodka,
waffle,
walnut milk,
walnut,
wasabi,
watercress,
watermelon,
whiskey,
white beans,
white pepper,
white rice,
white truffle oil,
white wine vinegar,
whole milk,
wholegrain pasta,
wild rice,
wine,
worcestershire sauce,
yam,
yeast,
yellow pepper,
yoghurt,
yogurt,
yuzu,
za'atar,
zucchini,